headline,less,equal,more
Harmonie im Lufthansa-Ufo und die digitale Zukunft der Flughäfen,1,0,0
Amadeus übernimmt Netzwerkplaner Optym,1,0,0
Lufthansa verlänget China-Pause für alle Konzern-Airlines,1,0,0
Vueling-Boss wird Iberia-Chef. Und der bisherige wird IAG-CEO.,1,0,0
Too big to fail - Airbus ist mit Milliarden-Strafe gut bedient,1,0,0
Erstes Testlab im Terminal des Münchner Flughafens eröffnet,1,0,0
US-Designer entwirft neues emissionsfreies Flugzeug,1,0,0
Sechs Klagen gegen Erdinger-Ringschluss eingereicht,1,0,0
So könnten die Flughäfen der Zukunft aussehen,1,0,0
Turkish Airlines kündigt neue Ziele ab München an,1,0,0
Ryanair mit deutlichem Quartalsgewinn,1,0,0
Lufthansa und Ufo suchen mehrere Wege zur Einigung,1,0,0
Ryanair muss wegen Pilotenstreik Entschädigungen zahlen,1,0,0
A380-Airbus von Qantas zur Umrüstung in Dresden gelandet,1,0,0
Worauf man verzichten muss wenn der Flug das CO2-Budget nicht sprengen soll,1,0,0
Condors Zukunft Boeings Bilanz Airbus Strafe,1,0,0
Auch US-Börsenaufsicht SEC emittelt jetzt gegen Boeing,1,0,0
BER hat nach wenigen Tagen genug Tester - kein Lohn geplant,1,0,0
Fluggerätmechaniker Maintenance-Manager und Dispatcher gesucht,1,0,0
Regionalflug in Deutschland,1,0,0
Neues Sitzplatzregime bei Eurowings und die mögliche Mindestlohnpflicht für BER-Tester,1,0,0
Verhandlungen für Manteltrahmentarifvertrag für Beschäftigten der Luftsicherheit gestartet,1,0,0
Verdi und Abfertiger AHS unterschreiben Tarifvertrag,1,0,0
Lauda kündigt sechs neue Routen ab Stuttgart an,1,0,0
Airbus zahlt 36 Milliarden Euro wegen Korruptionsvorwürfen,1,0,0
Lufthansa Cargo fliegt mit Sonderflugplan von und nach China,1,0,0
Dortmunder Business Aviation schließt sich zusammen,1,0,0
Update zum Brexit: Das Austrittsabkommen EU-UK und die politische Erklärung,1,0,0
Shortlist für die Crystal Cabin Awards vorgestellt,1,0,0
Finnair streicht alle Flüge nach China,1,0,0
Easyjet und Travelport verlängern Zusammenarbeit,1,0,0
Eurowings stoppt Sitzplatzwahl im Basic-Tarif am Airport,1,0,0
Lufthansa prüft wohl Ende der Condor-Zubringerflüge,1,0,0
Kritiker werfen BER-Betreibern Umgehung des Mindestlohns für Tester vor,1,0,0
Rund 16 Millionen Passagiere fliegen pro Jahr von China nach Deutschland,1,0,0
Bremer Airport subventioniert zusätzlichen Verkehr,1,0,0
Lufthansa und Ufo starten Schlichtung,1,0,0
Lufthansa reduziert Paris-Charles-de-Gaulle-Umläufe ab München,1,0,0
Leipzig ist Lichtblick im deutschen Cargo-Geschäft,1,0,0
Ryanair setzt Dublin-München aus,1,0,0
Spacejet verzögert sich weiter und Ufo dementiert Streikvorbereitungen,1,0,0
Rwand Air setzt auf Lösungen von Lufthansa Systems,1,0,0
Flughafen Düsseldorf kassiert bald zwei Euro für Gepäckwagen-Nutzung,1,0,0
Auch Air France setzt alle China-Flüge aus,1,0,0
Boeing sieht keinen Mangel an 737-Max-Simulatoren,1,0,0
München zahlt Airlines Millionen-Zuschüsse für neue Flüge,1,0,0
Pratt & Whitney will Nachrüstungen der Getriebefan-Triebwerke bald abschließen,1,0,0
Spirit Aerosystems und Boeing einigen sich auf Zeitplan für 737-Rümpfe,1,0,0
Mit diesen Projekten will das DLR die Verkehrswende vorantreiben,1,0,0
Wisag und Verdi streiten weiter um Tarifvertrag in Frankfurt,1,0,0
Ufo dementiert Streikvorbereitungen bei Lufthansa,1,0,0
Condor hat ihren Lewandowski gefunden,1,0,0
Mitsubishi verschiebt Auslieferung des Spacejet um weitere anderthalb Jahre,1,0,0
EASA rät nicht mehr von allen Iran- und Irak-Überflügen ab,1,0,0
Neue Tuifly-Sommerrouten und weniger Emirates-A380-Flüge,1,0,0
Inflightentertainment bei Eurowings und ein neuer Chef für Sunexpress,1,0,0
Europäische Politik vernachlässigt Schaffung eines einheitlichen Luftraums,1,0,0
Flughafenchef will Tuifly-Langstrecke in Hannover,1,0,0
Lufthansa Group setzt wegen Coronavirus alle Flüge nach China aus,1,0,0
Max Kownatzki wird neuer Sunexpress-CEO,1,0,0
Eurowings führt neue On-Bord-Unterhaltungsplattform ein,1,0,0
Neues Tunnelkino für Terminal-Verbindungsbahn am Flughafen Zürich,1,0,0
Wizz Air legt erneut zweistellige Wachstumzahlen vor,1,0,0
Kein Anspruch auf Schadenersatz für stornierten Flug,1,0,0
Emirates reduziert A380-Einsatz nach Frankfurt und Düsseldorf,1,0,0
Nasa bestellt Hubschrauber bei Airbus Helicopters,1,0,0
South African Airways bekommt Notkredit,1,0,0
Aeroflot schickt Sukhoi SuperJet öfter nach Hannover,1,0,0
Tuifly startet neue Sommerrouten ab München und Hannover,1,0,0
British Airways stoppt wegen Coronavirus alle Flüge nach China - Lufthansa nicht,1,0,0
Germanwings-Absturz: Gericht verhandelt am 6. Mai über Schmerzensgeld,1,0,0
737 Max ruiniert Boeing-Bilanz,1,0,0
Berlin ist größter Gewinner und Verlierer bei den Passagierzahlen 2019,1,0,0
Boeings 737-Nachfolger und Ryanair mit Jobbabbau,1,0,0
Umweltministerium reduziert Flüge zwischen Bonn und Berlin,1,0,0
Ryanair bringt erneut Jobabbau wegen 737-Max-Verspätung ins Spiel,1,0,0
Sun-Air stellt Verbindung von Friedrichshafen nach Hamburg ein,1,0,0
Boeing erwägt gleich großen Nachfolger für 737,1,0,0
Bratislava schließt Ende April seine Pisten für zehn Tage,1,0,0
Easa veröffentlich Empfehlungen zum Umgang mit Coronavirus-Verdachtsfällen,1,0,0
Fluglotsen in Frankreich wollen ab Dienstagabend streiken,1,0,0
Weltwirtschaftsforum verursacht zusätzlichen Verkehr in Friedrichshafen,1,0,0
Airbus einigt sich mit drei Behörden wegen Korruptionsvorwürfen,1,0,0
Lufthansa sieht sich gut vorbeireitet auf weitere Szenarien der Coronavirus-Pandemie,1,0,0
NRW-Justizminister fordert Geofencing-Verpflichtung für Drohnen,1,0,0
Brasilianische Behörde gibt OK für Embraer-Übernahme durch Boeing,1,0,0
A220-Bestellung Pandemie-Flughäfen und neue Nachtzug-Forderungen,1,0,0
Corendon fliegt im Sommer von Münster ins türkische Zonguldak,1,0,0
Umweltministerium reduziert Flüge zwischen Dienstsitzen,1,0,0
Modemarke Napapijri eröffnet Shop am Flughafen Köln/Bonn,1,0,0
Dr. Peters erzielt Einigung mit Air France zu Airbus A380,1,0,0
Flugzeuge mit Coronavirus-Verdacht dürfen nur fünf deutsche Flughäfen ansteuern,1,0,0
So wird die Condor-Übernahme in Polen bewertet,1,0,0
Flughafen Braunschweig testet Drohnen zur Zaun-Überwachung,1,0,0
20.000 Freiwillige sollen ab Ende April den BER testen,1,0,0
Politiker fordern neues DB-Nachtzug-Angebot,1,0,0
Heinemann und Casualfood kooperieren an kleineren Airports,1,0,0
Nordic Aviation Capital macht Bestellung über 20 Airbus A220 fix,1,0,0
Bessere Drohnenabwehr würde Millionen kosten,1,0,0
Innerdeutscher Verkehr zum zweiten Mal in Folge rückläufig,1,0,0
Boeing-Quartalsbericht DLR-Ausblick Ausbildungsmesse airport@night,1,0,0
Condor mit neuer Mutter und ein Erstflug bei Boeing,1,0,0
Boeing 777X in Everett gestartet - größter Zweistrahler der Welt absolviert Erstflug,1,0,0
Marketingreferenten Operations-Mitarbeiter und Personalreferenten gesucht,1,0,0
Ohne genaue Vorbereitung hebt kein Flug ab,1,0,0
Erste Untreue-Ermittlungen gegen Ufo-Funktionäre eingestellt,1,0,0
Adria-Airways-Lizenz ist verkauft und Scheuer unterstützt kleine Flughäfen,1,0,0
Air Adriatic ersteigert Betriebslizenzen von insolventer Adria Airways,1,0,0
Elektroflugzeug Eviation Alice bei Bodentests verbrannt,1,0,0
Scheuer verspricht Regionalflughäfen Unterstützung,1,0,0
Tarifeinigung für Berliner Bodenverkehrsdienstmitarbeiter lässt weiter auf sich warten,1,0,0
Lot-CEO will Condor-Langstreckenflotte erneuern und ausbauen,1,0,0
Paderborn/Lippstadt Airport erneuert Vorfeldflächen,1,0,0
Fliegen in Zeiten des Klimawandels – eine Herausforderung,1,0,0
Amadeus neuer Business Partner des Barig,1,0,0
Flughafen Leipzig/Halle bekommt neue Anflugverfahren,1,0,0
Lot-Mutter PGL übernimmt Condor,1,0,0
Norwegian verschärft Handgepäckregeln,1,0,0
Ryanair dementiert Airbus-Bestellung,1,0,0
Experten glauben nicht an zeitnahe Wiederaufnahme der 737-Max-Produktion,1,0,0
Möglicher Börsengang von Lufthansa Technik und Passagierrückgang in Dresden,1,0,0
Neue bayerische Grenzpolizeigruppe am Flughafen Memmingen,1,0,0
Flughafen Memmingen übernimmt E-Schlepper,1,0,0
Millioneninvestition in Drohnen-Testzentrum am Flughafen Cochstedt,1,0,0
Flughafen Schönefeld darf nach BER-Eröffnung offen bleiben,1,0,0
Medien: Vorentscheidung um Condor-Zukunft naht,1,0,0
Die Passagierzahlen der großen Low-Cost-Airlines im Vergleich,1,0,0
Germania-Aus trifft Flughafen Dresden,1,0,0
Leipzig/Halle mit mehr Passagieren und mehr Fracht,1,0,0
DFS wird künftig von vier Managern geführt,1,0,0
ADV sieht deutsche Flughäfen gut auf Seuchengefahren vorbereitet,1,0,0
Boeing verschiebt Erstflug der 777X wegen Wetterlage,1,0,0
Lufthansa könnte Technik-Sparte an die Börse bringen,1,0,0
Bundesregierung will vorerst keine Ausweis-Kontrolle durch Airlines,1,0,0
DAT übernimmt Berlin-Flüge und Eurowings startet nach Lappland,1,0,0
Swiss-A340 von innen wie neu und Lufthansas Transparenz-Abbau,1,0,0
Embraer denkt über neues Turbopropflugzeug nach - Boeing soll helfen,1,0,0
Jahresbilanz: Rund 30 Prozent weniger Passagiere am Hahn,1,0,0
Tui und Sunexpress sehen sich gut gerüstet für neuerliche 737-Max-Verschiebung,1,0,0
Lufthansa Group veröffentlicht Passagierzahlen nicht mehr monatlich,1,0,0
Lufthansa und Ufo führen konstruktive Gespräche,1,0,0
Lufthansa-Tochter Swiss wechselt Airport in Peking,1,0,0
Eurowings fliegt für Pro Sky nach Lappland,1,0,0
Swiss nimmt Osaka wieder ins Programm,1,0,0
DAT startet Saarbrücken-Berlin-Strecke,1,0,0
Swiss schließt A340-Umbau ab,1,0,0
Sabre und Google schließen langfristige Partnerschaft,1,0,0
Ryanair-Rückzug könnte Flughafen Nürnberg 600.000 Passagiere kosten,1,0,0
Lufthansa Group nutzt grünen Strom in Heimatmärkten,1,0,0
Swissport wird Handlingsagent in Tansania,1,0,0
DLR will Magdeburg-Cochstedt 2021 wiedereröffnen,1,0,0
Die Luftfahrt muss sich radikal ändern,1,0,0
Sundair setzt Wachstumskurs fort,1,0,0
Wiederzulassung der Boeing 737 Max verschiebt sich erneut,1,0,0
Potenzielle Condor-Käuferin Lot weist Rekordpassagierzahl aus,1,0,0
Wir wollen dass hier möglichst leise geflogen wird,1,0,0
Zweifel am Lililum-Jet und keine Abfindungen für Ex-Air-Berlin-Flugbegleiter,1,0,0
Neunte Bauphase der Vorfelderneuerung startet am Flughafen Hamburg,1,0,0
SSP eröffnet sechstes gastronomisches Angebot am Flughafen Köln/Bonn,1,0,0
South African Airways streicht kurzfristig mehrere Flüge nach München,1,0,0
Bundesarbeitsgericht weißt Forderungen von Air-Berlin-Flugbegleitern zurück,1,0,0
Wizz Air von Wettbewerbszentrale wegen Entschädigungsrechten verklagt,1,0,0
Airbus baut neue A321-Fertigungslinie in Toulouse auf,1,0,0
Flughafen Wien stößt an Wachstumsgrenze,1,0,0
FDP-Chef Lindner will gemeinsamen CO2-Zertifikatehandel mit China,1,0,0
Der BER wird zahlreiche neue Flughafen-Arbeitsplätze nach Berlin bringen,1,0,0
KLM übernimmt in Holland beschlagnahmte Triple Seven von insolventer Jet Airways,1,0,0
Iran: Ukrainische 737 wurde von zwei Raketen getroffen wurde,1,0,0
Lufthansa will mit Google Cloud für stabileren Flugbetrieb sorgen,1,0,0
Gestiegene Ticketpreise verringern Easyjets Winterverluste,1,0,0
Experte: Angekündigte Leistungsdaten für Lilium-Jet stimmen nicht,1,0,0
Einstündiger Streik am Bodensee-Airport,1,0,0
Bodenabfertiger AHS hat Geschäft an Berliner Flughäfen eingestellt,1,0,0
Historischer Strecken-Auftrag für Eurowings und eine Air-Berlin-Verhandlung in London,1,0,0
Eurowings soll als erste Airline wieder Flüge zwischen Serbien und Kosovo anbieten,1,0,0
Airbus will das Ticketpreis-Risiko für Airlines minimieren,1,0,0
Weniger Flugbewegungen im deutschen Luftraum,1,0,0
Neuer Nachtzug zwischen Wien Innsbruck und Brüssel gestartet,1,0,0
German Airways COO im Interview,1,0,0
Neuer SARS-Virus breitet sich in Asien aus,1,0,0
Flughafen Leipzig/Halle informiert über Ausbaupläne,1,0,0
Schifffahrt erwartet Kosten im Billionen-Dollar-Bereich wegen UN-Klimazielen,1,0,0
Air France-KLM muss noch effizienter werden,1,0,0
Flughafen Saarbrücken will auf der Berlin-Strecke Fluggäste zurückgewinnen,1,0,0
Gericht weist Klage gegen BER-Zusatzterminal T2  ab,1,0,0
Air-Berlin-Insolvenzverwalter will Etihad-Prozess in Berlin verhandeln,1,0,0
Lufthansa Group setzt alle Teheran-Flüge bis Ende März aus,1,0,0
Ufo sagt Streikvorbereitungen bei Lufthansa überraschend ab,1,0,0
Weiteres Softwareproblem bei Boeing 737 Max,1,0,0
Jahres-Passagierzahlen Brüsseler Luftfahrtgipfel und Zürcher Zusatzverkehr,1,0,0
Reformdruck trotz Passagier-Rekord und neue Bieter für Condor,1,0,0
Gepäckabfertiger Flight Operations Inspector sowie Commercial Jets Manager gesucht,1,0,0
Airbus für die Stadt Tui mit Sundair in Paderborn Drohung aus Dublin,1,0,0
Die Klima-Ziele der Airlines hinken denen der Politik hinterher,1,0,0
Rewe-Markt im Düsseldorfer Flughafen schließt für Renovierung,1,0,0
Parkgebühren für Beschäftigte am Flughafen Köln/Bonn steigen deutlich,1,0,0
Jarzombek will kleine Flugplätze zu Mobilitätshubs ausbauen,1,0,0
Verdi meldet Tarifabschluss für Bodenabfertiger Acciona in Düsseldorf,1,0,0
Ufo prüft unbefristeten Streik bei der Lufthansa,1,0,0
Eurowings war 2019 pünktlicher als im Vorjahr,1,0,0
Schweizer Wissenschaftler forschen in AuraLab an leiseren Flugzeuge,1,0,0
Ryanair-Chef stellt London im Streit im Flybe ein Ultimatum,1,0,0
Tui kündigt Wachstum am Flughafen Paderborn an,1,0,0
Luftfahrtindustrie soll sich von alten Konzepten lösen,1,0,0
Airbus veröffentlicht Video von fliegendem City-Airbus,1,0,0
Flughafen Graz nutzen 2019 eine Million Passagiere,1,0,0
Flughafen Memmingen ist in der Nische erfolgreich,1,0,0
Swiss setzt A220 vermehrt nach Deutschland ein,1,0,0
Bombardier denkt über Rückzug aus A220-Programm nach,1,0,0
Airbus-Vertriebschef: A330-Neo-Produktion bleibt stabil,1,0,0
Airbus führt mit A350 vollautomatischen Start durch,1,0,0
Gescheiterte Ufo-Gespräche und Lufthansas Gedanken zur Premium Business Class,1,0,0
Dritter Schlichtungsversuch im Ufo-Lufthansa-Konflikt scheitert,1,0,0
Airbus zufrieden mit Kostenentwicklung des A220-Programms,1,0,0
Bieterwettkampf um Condor,1,0,0
Noch wenig Schwung in den ersten Meldungen des Jahres,1,0,0
Zeitfracht kauft Pilotenschule TFC Käufer für German Airways,1,0,0
Europäischer Flughafenverband fordert Reform der Slot-Regulierung,1,0,0
Zwei neue Mitglieder im Präsidium des Aircargo Club Deutschland,1,0,0
Thyssenkrupp Aerospace streicht 229 Arbeitsplätze wegen A380-Aus,1,0,0
BFU untersucht Tiefflug von Thai-Airways-Maschine über Rüsselsheim,1,0,0
Flughafen Zürich will neuen Hangar für Geschäftsluftfahrt bauen,1,0,0
FACC will Aftermarket Services mit chinesischer Wartungslizenz ausbauen,1,0,0
BER bekommt Tüv-Freigabe für Bereich zwischen Terminal und Bahnhof,1,0,0
British Airways renoviert Lounge in Berlin-Tegel,1,0,0
Lufthansa Group erwägt Premium-Business-Class,1,0,0
Viele Ausfälle bei Swiss-Abendrotation Zürich - London-City,1,0,0
Condor und Ufo schließen Tarifvertrag zur Sanierung,1,0,0
Dritter Anlauf für Schlichtung zwischen Lufthansa und Ufo,1,0,0
Flughafen Helsinki richtet Haustier-Toilette ein,1,0,0
Dreamliner nach Zürich und Tel-Aviv-Ersatz ab Nürnberg,1,0,0
Im Landeanflug wird niemals Kerosin abgelassen,1,0,0
Probleme im Markt für Großraumflugzeuge,1,0,0
Der letzte 747-Combi-Flug bei KLM und Ryanairs Max-Zuversicht,1,0,0
Düsseldorf freut sich über steten Rückgang von Nachtflugbewegungen,1,0,0
FBB feiert neues Dienstgebäude für Bundespolizei am BER,1,0,0
Flybe ist gerettet und plant zwei neue Strecken nach Deutschland,1,0,0
Ryanair startet in Wien,1,0,0
Sundair-Chef spricht über Start der Airline in Bremen,1,0,0
Easyjet nennt neues Sommerziel ab Schönefeld,1,0,0
Tuifly-Chef Lackmann im Interview,1,0,0
179 Millionen Passagiere am Flughafen Genf,1,0,0
Ryanair rechnet mit zehn Boeing 737 Max bis April,1,0,0
Verdi legt Berufung gegen Streik-Verbot ein,1,0,0
Mülheimer Airport will Flugbetrieb bis 2034 sichern,1,0,0
Flughafen Salzburg trotz Pistensanierung mit Passagierzahlen zufrieden,1,0,0
Qatar Airways und Deutsche Bahn starten Codeshare-Vereinbarung,1,0,0
Indische Vistara gibt Verkaufsagentur für Deutschland bekannt,1,0,0
Frankfurter Flughafen knackt trotz niedrigem Wachstum 70-Millionen-Marke,1,0,0
Letzte Boeing 747 Combi von KLM wird Anfang 2021 ausgemustert,1,0,0
Lufthansa Group bleibt Maß aller Dinge unter Europas Legacy Carriern,1,0,0
Flybe kämpft ums Überleben und Lufthansas-IT ist Tüv-zertifiziert,1,0,0
Boeing-Auslieferungen brechen um die Hälfte ein,1,0,0
Verdi droht Abfertiger Acciona in Düsseldorf mit Streiks,1,0,0
Flughafen Wien präsentiert Ganzkörper-Flugsimulator Birdly in Ankunftshalle,1,0,0
Boeing-Manager redeten Lion Air Simulator-Training für Max-Piloten aus,1,0,0
TÜV Rheinland zertifiziert Lufthansas IT-Prozesse als sicher,1,0,0
Scheuer und Bahn-Chef Lutz segnen Rekordsumme für Schienen-Netz ab,1,0,0
Etihad tritt Worldwide-Programm von Easyjet bei,1,0,0
Lufthansa stationiert A320 Neos in München,1,0,0
Bodensee-Airport verzeichnete 2019 Passagierrückgang,1,0,0
Zürich mit mehr Passagieren und weniger Flugbewegungen,1,0,0
Corendon übernimmt Tel-Aviv-Route ab Nürnberg,1,0,0
Belavia fliegt ab Sommer nach Wien,1,0,0
American Airlines schickt Dreamliner nach Zürich,1,0,0
Lufthansa setzt ab kommenden Winter A340-600 nach Chicago ein,1,0,0
Icao soll Absturzuntersuchung im Iran beraten und beobachten,1,0,0
Sunexpress lässt Eintracht-Frankfurt-Fans über Sonderbemalung abstimmen,1,0,0
US-Finanzminister: Boeing-Krise beeinflusst US-Wirtschaftswachstum,1,0,0
EASA rät Flüge über Iran komplett zu vermeiden,1,0,0
Flybe steht erneut kurz vor der Insolvenz,1,0,0
Lübeck Air setzt zum Start auf München und Stuttgart,1,0,0
Easyjet macht Berlin zum Wartungszentrum und Swiss will gerochen werden,1,0,0
Airbus mit neuem Auslieferungsrekord,1,0,0
Lufthansa Group befördert 145 Millionen Passagiere in 2019,1,0,0
Oppositionelle Liste tritt gegen amtierenden Ufo-Vorstand an,1,0,0
Swiss will verstärkt eigenen Duft einsetzen,1,0,0
Ungebremstes Münchner Wachstum auf 479 Millionen Passagiere 2019,1,0,0
Lufthansa Group rechnet mit steigenden Kerosinkosten,1,0,0
Easyjet baut Line-Maintenance-Station in Berlin auf,1,0,0
Bundesregierung will Sicherheitsüberprüfung von Luftfahrtpersonal ausweiten,1,0,0
Airport Mannheim fordert Übernahme der Flugsicherungskosten durch den Bund,1,0,0
Vereinigung Cockpit fordert klarere Vorgaben für Flüge in Krisengebiete,1,0,0
Flughafen Hannover kauft Ganzkörper-Flugsimulator,1,0,0
Vier von fünf Deutschen wollen laut Umfrage weniger fliegen,1,0,0
Rostock-Laage verzeichnet drastischen Passagierrückggang,1,0,0
German Airways fliegt mit fünf Maschinen für Braathens,1,0,0
Boeing zahlt Ex-Chef Muilenburg keine Abfindung,1,0,0
David Calhoun übernimmt Chefsessel bei Boeing,1,0,0
Boeings neuer CEO und Jahreszahlen aus Frankfurt und München,1,0,0
Boeing-737-Abschuss und Tuifly-Langstrecke in Düsseldorf,1,0,0
Iran räumt Abschuss von ukrainischer Boeing ein,1,0,0
Offene Jobs bei Lufthansa Rhein Neckar Air und Air Cargo Global,1,0,0
Cargo schämt sich nicht,1,0,0
Beluga XL geht in den Liniendienst und Ryanair rechnet mit Milliardengewinn,1,0,0
Lauda rechnet mit höherem Jahresverlust als erwartet,1,0,0
Über 25 Prozent weniger Passagiere am Flughafen Weeze,1,0,0
Erster Airbus Beluga XL in Dienst gestellt,1,0,0
Blue Air gibt neue Deutschland-Routen bekannt,1,0,0
Airbus schraubt A320-Produktion in den USA hoch,1,0,0
Absturz im Iran war wohlmöglich Abschuss,1,0,0
Flughafen Düsseldorf will bis 2050 CO2-Ausstoß auf Null zurückfahren,1,0,0
Albawings kommt nach Hamburg,1,0,0
Ryanair rechnet nun doch mit Milliardengewinn,1,0,0
Flughafen Düsseldorf: Kötter nimmt nicht an Neuausschreibung teil,1,0,0
Warschau wird zum Katalysator der polnischen Flughäfen,1,0,0
Lufthansa Group setzt Iran-Flüge bis 20. Januar aus,1,0,0
Die Luftfahrt muss mit Klimaschutz und Digitalisierung wachsen,1,0,0
Ryanair fordert höhere Luftverkehrsteuer nachträglich ein,1,0,0
Airbus bleibt Großbritannien treu und Verkehrszahlen deutscher Airports,1,0,0
Airbus fertigt auch nach Brexit weiter in Großbritannien,1,0,0
Hamburg Airport mit stabilen Verkehrszahlen,1,0,0
Easa empfiehlt Meidung des irakischen Luftraums,1,0,0
Max-Krise kann auch für Airbus zum Problem werden,1,0,0
Alle IAG-Airlines wachsen 2019,1,0,0
Stuttgarter Flughafen knackt Zwölf-Millionen-Marke,1,0,0
Germania-Insolvenz lässt Passagieraufkommen in Bremen sinken,1,0,0
Weniger Passagiere am Flughafen Paderborn/Lippstadt,1,0,0
Flughafen Saarbrücken meldet gestiegene Passagierzahlen,1,0,0
Flughafen Zürich führt Dynamic Pricing bei Parkplätzen ein,1,0,0
Tuifly will Langstrecken-Operations in Düsseldorf starten,1,0,0
Air France-KLM mit mehr Passagieren und besserer Auslastung,1,0,0
Willie Walsh geht in den Ruhestand,1,0,0
Kaum Nachfrage für CO2-Kompensationsmöglichkeiten bei Lufthansa,1,0,0
Hannover rechnet nach gutem Jahr mit etwas weniger Passagieren,1,0,0
Internationales Passagierwachstum schwächelt,1,0,0
Iran will Flugdatenschreiber von abgestürzter 737 nicht an die USA übergeben,1,0,0
Austrian startet in Nürnberg und Azimuth Airlines schickt Sukhoi Super Jet nach München,1,0,0
Hahn-Air-Partner deutsche Pünktlichkeit und Passagierzahlen,1,0,0
Industrie und Forschung setzen auf verschiedenste Klima-Maßnahmen,1,0,0
Gewerkschaft warnt vor Personalengpass bei Bodenverkehrsdiensten am BER,1,0,0
Germania-Pleite verhagelt Passagierbilanz des Nürnberger Flughafens,1,0,0
Kommentar: Boeing braucht tiefgreifenden Personalwechsel,1,0,0
Deutsche Airlines schneiden im Pünktlichkeits-Vergleich schlecht ab,1,0,0
Flughafen Frankfurt verzeichnet deutlich weniger Nachtflüge,1,0,0
Köln/Bonn: Airport mit rückläufigen Passagierzahlen,1,0,0
Flughafen Düsseldorf meldet Passagierrekord für 2019,1,0,0
Auch Air France setzt Paris-Orly-München-Flüge auf,1,0,0
Hahn Air begrüßt 40 neue Partner in 2019,1,0,0
Swissport übernimmt Cargo-Handling der Lufthansa Gruppe in Belgien,1,0,0
Auswirkungen der Iran-Krise auf den Flugverkehr,1,0,0
Boeing 737-800 von Ukraine International Airlines bei Teheran abgestürzt,1,0,0
Austrian startet in Nürnberg,1,0,0
United schickt Dreamliner nach Zürich,1,0,0
Lufthansa meidet Luftraum von Irak und Iran fliegt aber weiter nach Teheran,1,0,0
Boeing empfiehlt Simulatortrainings für 737-Max-Piloten,1,0,0
Eurowings setzt noch bis zum Sommer auf Czech Airlines,1,0,0
Alitalia und Lufthansa Weeze und das Geld regionaler MRO-Markt,1,0,0
Ex-Germania-Chef Balke wegen Deals in der Vergangenheit in der Kritik,1,0,0
Planungen für Schienenanbindung von Frankfurter Terminal 3 gestartet,1,0,0
Chef von Air Dolomiti will kommerzielle Partnerschaft von Alitalia mit Lufthansa,1,0,0
Chef von Stromnetzbetreiber fordert mehr Windräder an Flughäfen,1,0,0
Lufthansa Group gibt Wien-Palma auf,1,0,0
So performte die Ryanair-Group 2019,1,0,0
Weitere Unterstützung für Flughafen Weeze durch Kreis Kleve,1,0,0
Schweizer Jugend will trotz Klimaprotesten kaum weniger fliegen,1,0,0
Lufthansa Group tankt teilweise Öko-Sprit in San Francisco,1,0,0
Holiday Europe fliegt von Nürnberg nach Dubai,1,0,0
Eurowings fliegt im Sommer nach Burgas,1,0,0
Wizz Air erhöht Chişinău-Frequenz ab Dortmund,1,0,0
Azimuth Airlines kommt mit Sukhoi Super Jet nach München,1,0,0
Turkish Airlines baut München-Angebot aus,1,0,0
Helvetic will zusätzliches Personal einstellen,1,0,0
Globaler MRO-Markt für Schmalrumpf-Flugzeuge lässt auf sich warten,1,0,0
Hyundai will Lufttaxis für Uber bauen,1,0,0
Noch keine Einigung wegen 737 Max zwischen Boeing und deutschen Airlines,1,0,0
Zwischenlager für belastete Böden am Frankfurter Flughafen nimmt weitere Hürde,1,0,0
Airbus A350 bekommt elektronisch dimmbare Fenster,1,0,0
Dortmund in den Top 10 Großauftrag für Airbus 737 Max für Buzz,1,0,0
Flughafen Dortmund stellt 2019 deutlichen Passagierrekord auf,1,0,0
Spirit bestellt 100 Flugzeuge der A320-Neo-Familie,1,0,0
Luftfahrtbranche hat ihre Klima-Hausaufgaben nicht gemacht,1,0,0
Münster/Osnabrück schrammt 2019 an der Millionen-Marke vorbei,1,0,0
Airlines sichern sich beim Ölpreis ab,1,0,0
Boeing 737 Max könnte weiteres technisches Problem haben,1,0,0
Wizz Air transportiert knapp 40 Millionen Passagiere in 2019,1,0,0
Corendon weitet Angebot in Weeze aus,1,0,0
Ufo fordert umfassende Mediation mit Lufthansa,1,0,0
Ryanairs erste 737 Max gehen nach Polen,1,0,0
Klimadebatte mit Auswirkungen auf Privatjets,1,0,0
Reiseverband-Chef: Flugtickets als Luxusgut wären sozial ungerecht,1,0,0
Fluggesellschaften überdenken ihre Wachstumspläne,1,0,0
Fluggerätmechaniker und -elektroniker Verkehrsleiter und Dispatcher gesucht,1,0,0
Lufthansa stellt Tausende ein und die DFS ihre Geschäftsführung neu auf,1,0,0
Flughäfen sind ein guter Einsatzbereich für autonome Fahrzeuge,1,0,0
Der Streit um die dritte Bahn in München,1,0,0
Lufthansa Group kündigt umfangreiche Neueinstellungen an,1,0,0
Flughafen Memmingen übertrifft Prognosen trotz zweiwöchiger Schließung,1,0,0
Verspäteter Zug zum Flug ist kein Entschädigungsgrund,1,0,0
DFS erweitert Geschäftsführung um eigenen Informatik-Bereich,1,0,0
OLeary sieht Low-Cost-Langstrecke als sicheren Verlustbringer,1,0,0
ADV erwartet 2020 schrumpfende Passagierzahlen in Deutschland,1,0,0
Berliner Flughäfen wachsen um 22 Prozent,1,0,0
Die 737-Max wird für Boeing zur Überlebensfrage,1,0,0
German Airways darf E190 warten und Boeing muss Turkish entschädigen,1,0,0
Airbus mit Abstand größter Flugzeugbauer der Welt,1,0,0
Regionalflughafen Bozen plant mit eigener Airline,1,0,0
Flughafen Karlsruhe/Baden-Baden mit neuem Rekordjahr,1,0,0
Zwei Dutzend Fluggesellschaften meldeten 2019 Insolvenz an,1,0,0
Etwas weniger Passagiere in Münster/Osnabrück,1,0,0
Mit Michael Kerkloh geht ein unkonventioneller Manager,1,0,0
Flughafen Nürnberg hat nun eine Grenzpolizeiinspektion,1,0,0
Germanwings-Kabine hat dreitägigen Streik beendet,1,0,0
In 2020 wird alles besser! Wirklich?,1,0,0
Das bewegt die Luftfahrtbranche im neuen Jahr,1,0,0
Turkish Airlines und Boeing einigen sich bezüglich Max-Entschädigung,0,1,0
Die unmittelbaren Folgen des Germanwings-Streiks sind überschaubar,0,1,0
German Airways bekommt Zulassung für Embraer-Wartungsbetrieb,0,1,0
Zahl der Drohnen-Zwischenfälle an Flughäfen sinkt nur leicht,0,1,0
Strategien Pleiten Klimadiskussion und neue Flugzeuge,0,1,0
Sicherheitsstatistik: 2019 nur halb so viele Tote wie im Vorjahr,0,1,0
Die Pläne von Air Baltic für die Langstrecke,0,1,0
BER: Schneller Flughafen Express könnte sich deutlich verzögern,0,1,0
Flughafen Sylt wächst mit innerdeutschem Verkehr,0,1,0
Ufo droht mit kurzfristiger Verlängerung des Germanwings-Streiks,0,1,0
DFS kontrolliert Genauigkeit von ILS in Frankfurt,0,1,0
Condor fliegt wieder Berlin an,0,1,0
Die Auswirkungen des 737-Max-Groundings auf die Airlines,0,1,0
Die 737-Max-Zukunft entscheidet sich mit den Billigfliegern,0,1,0
Handling Agenten Jet-Manager OPS-Personal und mehr gesucht,0,1,0
Air Berlin räumt Headquarter und Kassel hält fast die Passagierzahl,0,1,0
Ufo ruft zu dreitägigem Streik bei Germanwings ab Montag auf,0,1,0
Ich stehe persönlich in der Verantwortung,0,1,0
Linke sieht Flughafen-Personal besorgniserregend überlastet,0,1,0
Auch Boeings Sonderberater für Max-Krise schmeißt hin,0,1,0
Frankfurt 2019 erstmals mit mehr als 70 Millionen Passagieren,0,1,0
Kassel: Passagierzahlen knapp unter Vorjahresniveau,0,1,0
Letzte Air-Berlin-Mitarbeiter verlassen alte Zentrale zum Jahreswechsel,0,1,0
USA beschließen virtuelles Kennzeichen für private Drohnen,0,1,0
Viele haben mein Scheitern vorausgesagt,0,1,0
Baublies: Ufo wird Lufthansa noch vor Jahreswechsel bestreiken,0,1,0
US-Kongress berichtet von weiteren brisanten E-Mails bei Boeing,0,1,0
Vermutlich landet man da wo man hingehört,0,1,0
Der Blick der Branche: Gemeinsam für ein besseres Klima,0,1,0
Eine Weihnachtsvision zum regionalen Luftverkehr,0,1,0
Neue Freiheiten in München und noch lange keine 737 Max bei United,0,1,0
Turkish Airlines will wegen 737 Max gegen Boeing klagen,0,1,0
So viel Digital-Technik von 2011 gibt es noch am BER,0,1,0
Boeing-Chef Muilenburg tritt zurück,0,1,0
Airbus will 737-Max-Anteil an der Produktion von CFM Leap-Triebwerken,0,1,0
Fallen die Flüssigkeitsbeschränkungen für Passagiere in München?,0,1,0
Helvetic Airways nimmt zweite Embraer E190-E2 in Flotte auf,0,1,0
Regierung setzt Alitalia letzte Frist für Weiterbestand,0,1,0
United streicht 737 Max bis Juni aus dem Flugplan,0,1,0
Schlichtungsversuch zwischen Ufo und Lufthansa gescheitert,0,1,0
T-Stiel für Münchens Terminal 2 Produktions-Aus 737 Max Game Changer A321 XLR,0,1,0
Verkehrsleiter Fluggerätmechaniker und Ramp Agents gesucht,0,1,0
Luftverkehrsabkommen ermöglichen die internationale Luftfahrt,0,1,0
Spohrs 35 Euro Ticket und neue Jobs für Air-Berliner,0,1,0
Warum das 737-Max-Produktions-Aus für Airbus keine gute Nachricht ist,0,1,0
Die meisten ehemaligen Air-Berliner waren auf dem Arbeitsmarkt erfolgreich,0,1,0
Kostendruck bei Condor und Eurowings macht Entlassungswelle wahrscheinlich,0,1,0
Hamburg Airport startet Initiative zur lokalen CO2-Kompensation,0,1,0
Boeing verhängt Lieferstopp für 737-Komponenten von Spirit Aerosystems,0,1,0
KLM bekommt letzte je gebaute zivile Boeing 737 NG,0,1,0
Qantas schickt A380 auf Rekordflug von Dresden nach Sydney,0,1,0
Tuifly kündigt Wachstum für kommenden Winter an,0,1,0
Lufthansa fliegt ab März von München nach Paris-Orly,0,1,0
Lauda will billiger produzieren als Ryanair,0,1,0
Ratingagenturen sehen Boeing trotz Problemen positiv,0,1,0
Lufthansa-Chef Spohr hält 35 Euro für Europaflüge für angemessen,0,1,0
Tourismus-Forscher fordert Verbote und strikte Vorgaben für Klimaschutz,0,1,0
PTL und der Charme eines bescheidenen Anfangs,0,1,0
Wachstumssteigerung durch After-Sales-Services,0,1,0
Airbus liefert A350 mit Touchscreen und Spohr will andere Prioritäten bei Fraport,0,1,0
Flughafen München führt als erster Sicherheitskontrollen mit CT-Geräten durch,0,1,0
30 Interessenten für Flughafen Parchim - Eigentümer verschwunden,0,1,0
Mehr als 35 Millionen Passagiere in Berlin,0,1,0
Spohr verlangt von Fraport mehr Einsatz für kürzere Wartezeiten,0,1,0
Rechnungshof unzufrieden mit Sicherheitskontrollen an Flughäfen,0,1,0
Airbus hat erste A350 mit Touchscreen-Cockpit ausgeliefert,0,1,0
Rimowas Electronic Tag funktioniert dank Bagtag wieder mit Lufthansa,0,1,0
BUND fordert Verdreifachung der Luftverkehrsteuer für Inlandsflüge,0,1,0
EuGH: Airline haftet für umgekippten heißen Kaffee,0,1,0
Arbeitsgericht bestätigt Verbot - LSG-Streik vorerst vom Tisch,0,1,0
Der LSG-Streik - Eine schöne Adventsbescherung,0,1,0
Nasa will leises Überschallflugzeug X-59 ab 2021 testen,0,1,0
Strengere Regeln für Nachtflüge am Flughafen Hannover,0,1,0
Airbus-Verkaufschef: A320-Fertigungsprobleme in zwei Jahren gelöst,0,1,0
Easyjet startet neue Berlin-Strecke und Lufthansa fliegt nach Südamerika,0,1,0
Sechzig A220 für Air France und eine Tarifeinigung für Lufthansas studentische Flugbegleiter,0,1,0
Bundespolizei sieht keinen Mehrwert durch neue CT-Gepäckscanner,0,1,0
Air France macht Auftrag über 60 Airbus A220-300 fest,0,1,0
Tuifly will Anfang 2020 Entscheidung über Boeing-787-Basis treffen,0,1,0
Slowenischer Ministerpräsident gegen Adria-Airways-Nachfolger,0,1,0
Münchner Aeroground wird Abfertiger am Hamburger Flughafen,0,1,0
Verdi ruft LSG-Beschäftigte kurzfristig zu Streik auf - Lufthansa will Flüge durchführen,0,1,0
Condor führt Business Class auf Kurz- und Mittelstreckenflügen ein,0,1,0
Tarifeinigung für studentische Flugbegleiter bei der Lufthansa,0,1,0
Wizz Air startet neue Verbindung ab Bremen,0,1,0
Berlin-Tegel soll mit einem Abschiedsfest geschlossen werden,0,1,0
German Airways flottet bis April vier neue Embraer E-190 ein,0,1,0
BER soll bis zu 50.000 Arbeitsplätze für Flughafenregion bringen,0,1,0
Lauda-Passagiere können Essen und Getränke nun vorbestellen,0,1,0
Erster Schlichtungstermin zwischen Lufthansa und Ufo,0,1,0
Self-Hubbing als preisbewusste Langstrecken-Alternative,0,1,0
Der Neustart von Atlasglobal und die Angst der Airlines vor der Kerosinsteuer,0,1,0
EU-Kerosinsteuer könnte Lufthansa über vier Milliarden Euro kosten,0,1,0
Studie: Bemannte Flugtaxis finden Akzeptanz unbemannte nicht,0,1,0
Bundesregierung denkt über verpflichtende Insolvenzabsicherung für Airlines nach,0,1,0
Neuer S-Bahnhof Gateway Gardens startet mit Anlaufproblemen,0,1,0
Loganair startet in Hannover,0,1,0
Ryanair kündigt Neapel-Bremen an,0,1,0
Viele Zulieferer von 737-Max-Produktionsstopp betroffen,0,1,0
Condor baut Arbeitsplätze in der Verwaltung ab,0,1,0
Rheinland-Pfalz zahlt CO2-Ausgleich für Flüge von Staatsbediensteten,0,1,0
Sunexpress ist auf den Produktionsstop bei Boeing vorbereitet,0,1,0
Flughafen Münster/Osnabrück bekommt neue Kredite für dringende Investitionen,0,1,0
Türkische Atlas Global nimmt Flugbetrieb wieder auf,0,1,0
Verdi gründet internationale Aircrew Alliance,0,1,0
Piloten einigen sich mit British Airways im Tarifstreit,0,1,0
Boeing stoppt Produktion der 737 Max ab Januar,0,1,0
Die A321 XLR kann Game Changer für Airlines und Airbus werden,0,1,0
Thomas-Cook-Wiederbelebung eine Alitalia-Option und neue Panther,0,1,0
Tui verlängert Vertrag von CEO Fritz Joussen um fünf Jahre,0,1,0
Studie: Kein Ende in Sicht beim Luftverkehrs-Boom,0,1,0
Rostock-Laage wird Testlabor für neue Flughafentechnologien,0,1,0
München plant Ausbau für zehn Millionen zusätzliche Passagiere,0,1,0
Für Lufthansa Cargo ist die Zukunft rosig die Gegenwart aber lausig,0,1,0
Medien: Air France/KLM plant Joint Venture mit  Alitalia,0,1,0
Tuifly und Verdi schließen Tarifvereinbarung,0,1,0
Easyjet nimmt Åre-Östersund-Verbindung auf,0,1,0
Fosun will Marke Thomas Cook erhalten,0,1,0
Flughafen Hannover startet Hannah und schließt sich Bezahlsystem Aerops an,0,1,0
Zwei weitere Panther für den Flughafen Düsseldorf,0,1,0
Lufthansa fliegt von München nach Sao Paulo,0,1,0
Keine Garantie für pünktliche T2-Eröffnung am BER,0,1,0
Boeing denkt über Produktionspause der 737 Max nach,0,1,0
Air Moldova verbindet ab März Chisinau mit Berlin-Schönefeld,0,1,0
Neue Potenziale für Low Cost auf der Langstrecke,0,1,0
Condor braucht mehr Gewinn LSG-Gategroup-Deal abgeschlossen Lufthansa-Reorganisation,0,1,0
Winterdienstkraftfahrer Luft- und Raumfahrttechnik-Studierende sowie Fluggastabfertiger gesucht,0,1,0
Das verschwiegene Bahnjubiläum,0,1,0
Lufthansa Group will sich für ausländische Investoren öffnen,0,1,0
Erstflug der E175-E2 23 Airline-Pleiten 2019 und Streik bei Alitalia,0,1,0
23 Airlines haben 2019 nicht überlebt,0,1,0
Erste Ausbaustufe des Prager Flughafens genehmigt und finanziert,0,1,0
Rheinland-Pfalz gegen Test von neuen Flugverfahren in Frankfurt,0,1,0
Delta schickt Vier-Klassen-767 nach Zürich,0,1,0
Easyjet erweitert Sommerprogramm ab Basel,0,1,0
Flughafen Münster/Osnabrück bekommt erste Berufsflugschule,0,1,0
Fuhrpark des Salzburger Flughafens  zu 37 Prozent elektrifiziert,0,1,0
Nach dem Brexit ist vor dem (Luftverkehrs-)Abkommen,0,1,0
Alitalia-Personal legt Arbeit nieder,0,1,0
Kabinen-Spezialisten ACM mit neuem Head of Sales und Marketing Manager,0,1,0
Fraport verwaltet künftig Shops im New Yorker Flughafen Newark,0,1,0
Qantas will A350-1000 für Projekt Sunrise,0,1,0
Athen bleibt trotz Ryanair-Abbau im Nürnberger Flugplan,0,1,0
US-Finanzinvestor Apollo zeigt Interesse an Condor,0,1,0
Embraer E175-E2 absolviert Erstflug,0,1,0
Lufthansa-Streik lässt Frankfurt-Zahlen einbrechen,0,1,0
ÖPNV am BER: Flughafenexpress-Frühstart und ein neuer Busbahnhof,0,1,0
Frankfurts Sorgen vor Warteschlangen und ein neuer indischer Lufthansa-Partner,0,1,0
Wizz Air Abu Dhabi soll 2020 in den Emiraten an den Start gehen,0,1,0
Geplante Eingriffe gefährden Denkmal-Charakter des Flughafens Tegel,0,1,0
Boeing-Whistleblower: Renton eine Fabrik im Chaos,0,1,0
Streit um Extra-Zuschüsse für Flughafen Weeze,0,1,0
Fraport bittet Reisende 25 Stunden vor Abflug anzureisen,0,1,0
Lufthansa Group befördert weniger Passagiere im November,0,1,0
Ryanair stellt sich auf weitere Verzögerungen der 737 Max ein,0,1,0
Corendon eröffnet weitere Basis in Deutschland,0,1,0
Dortmund mit deutlichen Passagierplus im November,0,1,0
Lufthansa mit neuem Codeshare-Partner für Indien,0,1,0
Bauarbeiten am Flughafen Braunschweig-Wolfsburg sollen 2020 starten,0,1,0
Zürich weist stabile Passagierzahlen aus,0,1,0
Air France bekommt weitere A350,0,1,0
Erster Schlichtungstermin für Lufthansa und Ufo steht,0,1,0
Eurowings ändert USA-Frequenzen und Corendon kommt nach Weeze,0,1,0
Geld für Thomas-Cook-Urlauber und Lauda-Basis in Zadar,0,1,0
Fünfte Lauda-Basis wird im März in Zadar eröffnet,0,1,0
Ryanair gibt neue neuer Sommerroute ab Bremen bekannt,0,1,0
Corendon verbindet im Sommer Antalya mit Weeze,0,1,0
Flughafen Köln/Bonn bekommt zwölf neue Räum-Fahrzeuge,0,1,0
Flugverbot für Boeing 737 Max wird erst 2020 aufgehoben,0,1,0
Von der Leyen stellt Green Deal vor - Branche bekennt sich zu Zielen,0,1,0
Eurowings mit mehr New York und weniger Miami,0,1,0
Tui-Gewinn bricht wegen gegroundeter 737 Max ein,0,1,0
Easyjet kündigt neues Spanien-Ziel ab Schönefeld an,0,1,0
Lauda will eigenes Simulatorzentrum aufbauen,0,1,0
Entwickler stellen 20.000 Jobs in Tegel nach Schließung in Aussicht,0,1,0
Iata sieht Handelskonflikte als Grund für schwaches Luftfahrtjahr,0,1,0
Eurowings fliegt mehr von Bremen nach Mallorca,0,1,0
Finnair stockt Frequenz nach Hamburg auf,0,1,0
Air Baltic legt zwei neue Ziele ab Hamburg auf,0,1,0
Bund übernimmt Entschädigungen von Thomas-Cook-Kunden,0,1,0
Lufthansa benennt neue Chefs für Eurowings und Brussels sowie neuen CFO,0,1,0
Erstes voll elektrisch angetriebenes Verkehrsflugzeug absolviert Erstflug,0,1,0
Flughafen Wien verzeichnet deutliches Passagierplus,0,1,0
170 Gefährliche Annährungen in vier Jahren über Deutschland,0,1,0
ÖPNV am BER: Die Mitarbeiter am Morgen haben es schwer,0,1,0
Eurowings sendet positive Signale und Wizz Air will mit A321 XLR auf die Langstrecke,0,1,0
Airlines for Europe verkündet Klimainitiative für European Green Deal,0,1,0
Sachsen baut Dresdener DLR-Standorte aus,0,1,0
Tui ist neuestes Mitglied bei Airlines for Europe,0,1,0
The Squaire am Frankfurter Flughafen für knappe Milliarde verkauft,0,1,0
Essen vorbestellen mit Flughafen-App in Berlin-Schönefeld,0,1,0
Condor soll Gewinn in kurzer Zeit mehr als verdoppeln,0,1,0
Weniger Passagiere am Münchner Flughafen,0,1,0
Eurowings hat laut CEO Dirks den operativen Turnaround geschafft,0,1,0
German Airways schult Cockpit-Nachwuchs bei TFC in Essen,0,1,0
Hamburg wird eine der ersten Destinationen für Swiss A320 Neo,0,1,0
Projekt Falke soll Hamburger Flughafen gegen Drohnen sichern,0,1,0
Chilenische Sky bestellt zehn Airbus A321 XLR,0,1,0
Wizz Air hofft auf Langstrecken-Airbus A321 XLR,0,1,0
Umweltbundesamt verhängt Millionenstrafe gegen Small Planet,0,1,0
Spohr und der Bahn-Chef Aer Lingus und A330 German Airways und Union,0,1,0
Lufthansa Cityline und Ufo einigen sich auf Tarifvertrag,0,1,0
S-Bahnhof Gateway Gardens am Frankfurter Flughafen geht in Betrieb,0,1,0
Monatsstatistik: IAG befördert knapp 87 Millionen Passagiere,0,1,0
Alle Air France/KLM-Airlines steigern Passagierzahlen im November,0,1,0
Gabuner Airlines dürfen wieder in die EU fliegen,0,1,0
Boeing soll Millionenstrafe für defekte Teile in 737-Jets zahlen,0,1,0
German Airways brandet Dash in Union Berlin-Livery,0,1,0
BER-Anrainer fordern Umland- und Ausgleichsfonds vom Bund,0,1,0
Spohr sauer auf Bahn-Kampagne,0,1,0
Aer Lingus kauft zwei weitere A330,0,1,0
Wachstum an Berlins Flughäfen stockt im November,0,1,0
Lufthansa und Gategroup schließen LSG-Verkauf ab,0,1,0
Baden-Württemberg will Entwicklung synthetischer Kraftstoffe vorantreiben,0,1,0
Neuer Insolvenzverwalter bei Alitalia,0,1,0
Neues Forschungsflugzeug für das DLR und Forderungen von A4E,0,1,0
Sunexpress wird von der Langstrecke erlöst Lübeck startet eigene Linienflüge Kondor auf dem Leitwerk,0,1,0
Reorganisation im Lufthansa-Konzern,0,1,0
Business Analysten Luftsicherheitsassistenten und Köche gesucht,0,1,0
Ein neuer Veranstalter für Eurowings Holidays und der ungebremste EU-Luftfahrtboom,0,1,0
Polen will Inlandsflüge mit neuem Hub überflüssig machen,0,1,0
EU-Passagierzahl von 2010 bis 2018 um 43 Prozent gestiegen,0,1,0
Umfrage zeigt Offenheit der Deutschen für zivile Drohnennutzung,0,1,0
Das steht in der neuen Ausschreibung für die Sicherheitskontrollen in Düsseldorf,0,1,0
Airbus wird 2019 größter Flugzeugbauer der Welt,0,1,0
BER bekommt Fernbahn-Anschluss,0,1,0
LUG Aircargo wird Frachtabfertiger von Delta in Frankfurt,0,1,0
Alitalia kommt nach Hamburg,0,1,0
Memmingen wächst auch im November,0,1,0
Frankfurts Flughafenchef kritisiert Bundesbeschaffungsamt,0,1,0
Eurowings setzt statt Tropo auf HLX,0,1,0
Lufthansa darf Shenzhen ins Streckennetz aufnehmen,0,1,0
SAS denkt über eigene Regionalairline nach,0,1,0
Lütke Daldrup will Tesla-Dynamik von Behörden,0,1,0
Bundesregierung stoppt Pläne für Neubau von Regierungsterminal am BER,0,1,0
Frust in Nürnberg und Austrians Interesse an mehr Eurowings-Jets,0,1,0
Hamburger Flughafen kündigt millionenschweres Sparprogramm an,0,1,0
United Airlines bekommt neuen Vorstandschef,0,1,0
Neue Embraer E195-E2 von KLM Cityhopper bekommen Recaro-Sitze,0,1,0
Norwegian integriert CO2-Kompensation in Buchungsprozess,0,1,0
Globale Passagierzahlen wachsen im Oktober um 34 Prozent,0,1,0
Eurowings und Austrian denken über Erweiterung des Wet-Lease-Deals nach,0,1,0
Nachtflüge in Düsseldorf weiter stark rückläufig,0,1,0
Air France fliegt bald mit Bio-Sprit-Anteil nach San Francisco,0,1,0
Virtual Reality kann Ground-Handling-Ausbildung revolutionieren,0,1,0
Lufthansa dreht erneut an der Preisschraube für Zusatzgebühren,0,1,0
BER will an Halloween eröffnen,0,1,0
Chair konzentriert sich auf Balkan- statt auf Ferienziele,0,1,0
DFS will Kapazität in Frankfurt durch geänderte Pistennutzung erhöhen,0,1,0
Aus von Ryanair-Basis in Nürnberg ist Schlag für die Metropolregion,0,1,0
Boeings 737-Max-Chefingenieur verlässt das Unternehmen,0,1,0
Condor plant neue München-Langstrecke und iranische Airline will nach Düsseldorf,0,1,0
Bewegung in der Lufthansa Group und Ryanairs 737-Max-Leid,0,1,0
Verkehrs-Einschränkungen durch Streik in Frankreich,0,1,0
Flughafen Rostock will mit neuem Geschäftsmodell wieder ins Plus,0,1,0
Große Berechnungs-Unterschiede bei CO2-Kompensationsanbietern,0,1,0
Business-Menus bei Brussels kommen künftig vom Sternekoch,0,1,0
Verkehrsminister lösen Blockade beim Thema Single European Sky auf,0,1,0
Carsten Spohr will bei Eurowings durchgreifen,0,1,0
Austrian startet Tokio-Route zwei Wochen früher,0,1,0
Klimadebatte ohne Einfluss auf Passagierzahlen in Stuttgart,0,1,0
Lauda-Technik steht unter erhöhter Aufsicht von Austro Control,0,1,0
United verschiebt A350-Einflottung auf 2027,0,1,0
Qeshm Airline plant Flüge nach Düsseldorf,0,1,0
Horten Aircraft für Konzept des Nurflüglers ausgezeichnet,0,1,0
Austrian stockt Sommerprogramm auf,0,1,0
Volotea kommt im Sommer nach Hannover,0,1,0
Ryanair plant nur noch mit zehn Boeing 737 Max im Sommer 2020,0,1,0
So plant die Berliner Flughafengesellschaft den Umzug an den BER,0,1,0
Rimowas Electronic-Baggage-Tag-Koffer haben Probleme mit Apple,0,1,0
Easyjet vereinbart Partnerschaft mit Car Trawler,0,1,0
United ersetzt 757-Flotte durch A321 XLR,0,1,0
Wie die EU-Fluggastrechteverordnung reformiert werden soll,0,1,0
Lauda und Wizz Air wachsen stark und LSG-Verkauf rückt näher,0,1,0
Finnair verbindet im Sommer Salzburg und Helsinki,0,1,0
Flyegypt fliegt im Sommer von Bremen nach Hurghada,0,1,0
Ryanair schließt Nürnberg-Basis und kürzt Angebot deutlich,0,1,0
Avantiair wartet Flugzeuge am Flughafen Paderborn-Lippstadt,0,1,0
Berliner IHK fordert Ausbau der Verkehrswege zum BER,0,1,0
Lufthansa-Aufsichtsrat stimmt LSG-Verkauf zu,0,1,0
Bremen wird Aireg-Mitglied,0,1,0
Lufttaxi CityAirbus soll 2020 starten,0,1,0
Hamburger Flughafen vor letzter Etappe zur Vorfelderneuerung,0,1,0
Lufthansa baut Vorstand um - Hohmeister wird zum starken Mann,0,1,0
Wizz Air befördert über fast drei Millionen Passagiere im November,0,1,0
Lauda treibt Ryanair Group an,0,1,0
Niki Lauda Allee am Flughafen Wien führt zum VIP-Terminal,0,1,0
USA kündigen nach WTO-Entscheid verschärfte Airbus-Strafzölle an,0,1,0
Condor mit neuen Langstreckenzielen im Sommer 2020,0,1,0
Alitalia bekommt weiteren 400-Millionen-Kredit vom Staat,0,1,0
Sunexpress zieht sich aus Langstrecken-Operations zurück,0,1,0
Personal-News von der Lufthansa Group und Technik-News von Airbus,0,1,0
Condor-Mitarbeiter müssen sich auf Zugeständnisse einstellen,0,1,0
Condor-Sanierung in Eigenverwaltung nun offiziell gestartet,0,1,0
Airbus A350-1000 darf jetzt bis zu 480 Passagiere transportieren,0,1,0
Iata will mit Fly Aware-Kampagne für das Fliegen werben,0,1,0
Friedrichshafen bekommt im Winter zweite London-Verbindung,0,1,0
Airbus A319 Neo mit P&W-Triebwerken erhält Musterzulassung,0,1,0
Eurowings-Geschäftsführer Oliver Wagner verlässt das Unternehmen,0,1,0
Airbus erhält immer noch unerlaubte Subventionen,0,1,0
Diskussion um Zukunft von Lufthansa-Personalchefin Bettina Volkens,0,1,0
Flugtaxis kommen in Europa wohl nicht vor 2025,0,1,0
Verdi sagt LSG-Streik nach neuem Lufthansa-Angebot vorerst ab,0,1,0
Qatar Airways strebt Beteiligung an Lufthansa an,0,1,0
BER wird noch teurer und könnte geänderte Flugrouten bekommen,0,1,0
Single European Sky viel Digitales und die eigenständige Condor,0,1,0
LSG-Verkauf an Gategroup BER-Eröffnungstermin steht Condors Optimismus,0,1,0
Condor geht mit eigenem Logo auf Leitwerken in Verkaufsverhandlungen,0,1,0
Hamburg Aviation sucht einen Geschäftsführer und Ryanair Fluggerätmechaniker,0,1,0
Qualitäts- und Safety-Management,0,1,0
Lufthansas Billiglangstrecken-Pläne und keine billigeren Bahntickets,0,1,0
Lauda will in Stuttgart und Düsseldorf zweitgrößte Airline werden,0,1,0
Wisag fertigt künftig DHL in Köln ab,0,1,0
BER soll am 31. Oktober 2020 öffnen,0,1,0
FlyBair erreicht Crowdfunding-Ziel - Ticketverkauf kann starten,0,1,0
Flugbetrieb in Berlin-Schönefeld wegen Weltkriegsbombe unterbrochen,0,1,0
Daniela Lohwasser zieht in Geschäftsführung der Airbus Operations ein,0,1,0
Swissport und Fraport legen Grundstein für neue Cargo-Halle in Frankfurt,0,1,0
Zürcher Flughafengesellschaft baut neuen Airport nahe Delhi,0,1,0
Bundesrat stoppt im Klimapaket vorgesehene Vergünstigung von Bahntickets,0,1,0
KLM eröffnet renovierte 6800-Quadratmeter-Lounge in Amsterdam,0,1,0
Lufthansa könnte 2020 neue Make für touristische Langstrecke einführen,0,1,0
Airbus stellt emissionsarme Flugzeuggeneration in Aussicht,0,1,0
Frankfurter Airport bekommt bessere Anbindung durch Regionaltangente West,0,1,0
SAS ist jetzt auch A350-Betreiber,0,1,0
Boeing steht vor einem schwierigen Jahr 2020,0,1,0
Neue EU-Verkehrskommissarin will mehr Klimaschutz und einheitlichen Luftraum,0,1,0
Größere Gepäckfächer für die A320 und Haifischhaut für Flugzeuge,0,1,0
Lufthansa und BASF wollen mit Haifisch-Beschichtung Sprit sparen,0,1,0
Bundesverwaltungsgericht weist Klage gegen Lärmaktionsplan ab,0,1,0
Hybridauto verursachte Parkhausbrand am Flughafen Münster,0,1,0
Rewe eröffnet Supermarkt im Flughafen Nürnberg,0,1,0
Flughafen-Chefs verkünden Erwartungen an die Politik,0,1,0
Easyjet steigt ins Pauschalreisegeschäft ein,0,1,0
Ryanair dementiert Deutschland-Rückzug,0,1,0
Italiens Regierung könnte Alitalia verstaatlichen,0,1,0
SMBC-Chef rechnet mit Betriebsstörungen durch 737 Max bis 2021,0,1,0
Lütke-Daldrup verkündet genauen BER-Eröffnungstermin,0,1,0
Neu gewählter ADV-Verwaltungsrat ist Scharnier zwischen Politik und Flughäfen,0,1,0
FAA zertifiziert neue Lösung für mehr Gepäckvolumen in A320-Familie,0,1,0
Einsatz anderer Flugzeuge bringt Lufthansa Millionenstrafe,0,1,0
Dirk Hoke wird neuer Präsident des BDLI,0,1,0
Lufthansa bietet Schlichtung ohne Friedenspflicht an - Ufo lehnt ab,0,1,0
Schaden bei 777x-Drucktest viel größer als zunächst bekannt,0,1,0
Lufthansa mit neuen Griechenland-Zielen und mehr Flybe in Hannover,0,1,0
Die neue Essensbox bei Edelweiss und das vorläufige Ende von Atlas Global,0,1,0
Lufthansa Cargo schickt letzte jemals gebaute MD-11 in Rente,0,1,0
Verdi droht LSG mit Streik bei Verkauf ohne soziale Sicherung,0,1,0
KLM stattet Embraer E195-E2 mit W-Lan aus,0,1,0
Berliner Wirtschaft fordert mehr Langstreckenflüge,0,1,0
Wettbewerbszentrale klagt gegen Ryanair,0,1,0
Flybe stockt in Hannover auf,0,1,0
Leipzig/Halle mit Rekordmonat im Frachtverkehr,0,1,0
Danish Air Transport fliegt saisonal von Tegel nach Bornholm,0,1,0
Umfrage: Jeder vierte Deutsche würde ein Flugtaxi nutzen,0,1,0
Lufthansa stellt zwei neue Sommerrouten vor,0,1,0
Edelweiss führt neues Catering-Konzept ein,0,1,0
Flughafen Stuttgart bekommt größeren Aufsichtsrat,0,1,0
Atlas Global stellt Flugbetrieb ein,0,1,0
FAA dämpft Boeings Hoffnung auf rasche 737-Max-Zulassung,0,1,0
Warum die Condor-Spitze so optimistisch ist,0,1,0
Leipziger Rekorde Zug statt Flug bei KLM und neuer Chef bei Chair,0,1,0
LHT und ANA kooperieren bei Einführung der Boeing 777-9,0,1,0
Weniger späte Flüge am Hamburger Flughafen,0,1,0
Mitsubishi Spacejet kommt wohl noch später,0,1,0
Flughafen Leipzig meldet absoluten Rekordmonat bei Luftfracht,0,1,0
Lufthansa verkauft Cateringtochter LSG Sky Chefs an Gategroup,0,1,0
KLM ersetzt einen Amsterdam-Brüssel-Flug durch Zugverbindung,0,1,0
Weise und Platzeck schlichten zwischen Lufthansa und Ufo,0,1,0
Urteil: Rabatt für Flüge darf nicht an seltene Zahlungsmittel gekoppelt sein,0,1,0
Weniger Eurowings-Flüge zwischen Köln und Leipzig,0,1,0
Lufthansa Technik wartet A321-Neo-Triebwerke für Novair,0,1,0
Condor steigert operativen Gewinn um 32 Prozent,0,1,0
Bundesregierung rechnet weiter mit BER-Eröffnung im Herbst 2020,0,1,0
Flughafen Heringsdorf bekommt Kredit für neue Befeuerungsanlage,0,1,0
Shpend Ibrahimi ist neuer CEO von Chair Airlines,0,1,0
Eine Vorschau auf den S-Bahnhof Gateway Gardens,0,1,0
Drohnen-Crash Premium-Sitze auf United-Schweiz-Flügen und BER-News,0,1,0
Easyjet wehrt sich gegen Greenwashing-Vorwürfe,0,1,0
BER testet Gepäckförderanlage mit hunderten Koffern,0,1,0
Hamburger Flughafen bekommt neue Vorfeld-Busse,0,1,0
Umweltfreigabe behindert Bau von Feuerwehranlagen in Düsseldorf,0,1,0
Reiseverband VDR startet Meilen zu Bäumen-Kompensationsprojekt,0,1,0
Genfer stimmen für mehr demokratische Kontrolle über Flughafen,0,1,0
Flughafen Memmingen legt weiter zweistellig zu,0,1,0
Italien will Alitalia weiteres Geld leihen,0,1,0
British Airways fliegt im Winter Nürnberg - London Gatwick,0,1,0
United erhöht Anzahl der Premium-Sitze auf Schweiz-Strecken,0,1,0
Verkehrsbetriebs-Chefin plädiert für U-Bahn-Anbindung des BER,0,1,0
Drei-Meter-Drohne in Duisburger Innenstadt abgestürzt,0,1,0
Boeing feiert Roll Out der 737 Max 10,0,1,0
Neuer BER-Eröffnungstermin ein Airport-Treffen und Drohnengespräche,0,1,0
Tuifly auf Langstrecke Staatshilfe für Regionalflughäfen Spohrs Mahnung,0,1,0
Einsatzleiter Terminal Fluggerätmechaniker und Elektroniker gesucht,0,1,0
Die Folgen des EuGH-Urteils zur Flughafen-Entgeltordnung,0,1,0
Branchenschreck A321 XLR und der Strategieschwenk bei Emirates,0,1,0
Unterstützer des Frankfurter Airport betonen Wert des Luftverkehrs,0,1,0
Flughafen Münster/Osnabrück will bis 2030 klimaneutral werden,0,1,0
Airbus nimmt TSI Seats in BFE-Kataloge für A320 A330 und A350 auf,0,1,0
Lufthansa zieht Klage im Statusverfahren gegen Ufo zurück,0,1,0
Frist für Alitalia-Sanierung erneut verstrichen - Delta erneuert Angebot,0,1,0
Dübel-Probleme am BER wohl weitgehend gelöst,0,1,0
Condor hat neuen Finanz-Geschäftsführer,0,1,0
Brandenburg will Vorreiter bei nachhaltigem Fliegen werden,0,1,0
Flughafen Heringsdorf braucht zusätzliches Darlehen für Betriebsfähigkeit,0,1,0
Der Airbus A321 XLR wird die Branche aufmischen,0,1,0
Richtfest für neue Feuerwache am Frankfurter Flughafen,0,1,0
Eurowings fliegt ab Dezember zwischen Frankfurt und Pristina,0,1,0
Kleinere Flugzeuge ermöglichen Emirates einen Strategie-Schwenk,0,1,0
Easyjet bekommt positive Reaktionen auf CO2-Kompensation,0,1,0
Airbus macht Anleger mit guten Aussichten glücklich,0,1,0
Mitsubishi will Airbus-Flügel bauen und ein Urteil gegen Ryanairs Gebührenmodell,0,1,0
Lufthansa Technik wartet APUs der A350 von Japan Airlines,0,1,0
EU-Richter eröffnen Airlines neue Klagewege gegen Flughafenentgelte,0,1,0
Gegen das Fliegen kennt der Irrsinn keine Grenzen,0,1,0
Benjamin Smiths Reformen bei Air France/KLM beginnen zu wirken,0,1,0
Robin Wood-Aktivisten protestieren am Hamburger Flughafen gegen Ausbau,0,1,0
Mitsubishi Heavy Industries bringt sich als Flügel-Produzent für Airbus ins Spiel,0,1,0
Tarmac Aerosave schließt Zerlegung erster A380 ab,0,1,0
Edelweiss fliegt im Sommer von Zürich nach Santiago de Compostela,0,1,0
Hannover will Nachtflugbetrieb für laute Flugzeuge einschränken,0,1,0
Urteil: Ryanair darf keine Gebühren für zweites Handgepäck erheben,0,1,0
Tuifly geht mit zwei Boeing 787 ab Winter 2020 auf Langstrecke,0,1,0
CO2-Kompensation von Easyjet kostet nur 30 Cent pro Flug und Passagier,0,1,0
Hessen zahlt Fluglärm-Ausgleich an die Stadt Mainz,0,1,0
Mehr Italien ab Stuttgart und Sylvesterflüge nach Sylt,0,1,0
Lufthansa Inflight-Map ordnet Donezk Russland zu,0,1,0
Fuel Tankering schadet der Umwelt aber nicht dem Geldbeutel,0,1,0
Airbus Lust auf die A350 Neo und der deutsche Langstrecken-Boom,0,1,0
DHL Express nimmt neues Logistikzentrum in Köln/Bonn in Betrieb,0,1,0
Jacob Schram wird Norwegian-Chef,0,1,0
German Airways vermietet fünf E190 an schwedische Braathens,0,1,0
Baseler Grüne wollen Volksinitiative für Flughafenbeschränkungen starten,0,1,0
Düsseldorfer Flughafenchef will bessere ICE-Anbindung nach Frankfurt,0,1,0
Eurowings nimmt ab Mai 2020 Köln-Porto Santo auf,0,1,0
Sundair fliegt im Sommer 2020 von Dresden nach Korfu,0,1,0
Hannover bekommt ab Sommer drei neue Volotea-Verbindungen,0,1,0
Verdi droht kurz vor geplantem Verkauf mit Streiks bei LSG,0,1,0
Laute Flieger werden in Frankfurt teurer,0,1,0
Airbus spricht mit GE über A350-Neo-Antrieb,0,1,0
Boeing will Triebwerksverkleidungen von 737 NG nachbessern,0,1,0
Langstreckenflüge bei deutschen Touristen immer beliebter,0,1,0
Fraport: Tegut-Supermarkt-Ersatz kommt 2021,0,1,0
Airbus nutzt künstliche Intelligenz für A320-Entwicklung und -Produktion,0,1,0
Emirates bestellt 30 Boeing 787-9,0,1,0
Ufo droht mit neuen Streiks im Lufthansa-Konflikt,0,1,0
Einbruch bei Passagieraufkommen und Flugbewegungen im Oktober,0,1,0
Viele Wege führen zum CO2-neutralen Kerosin,0,1,0
Urteil: Ryanair muss Zusammensetzung von Ticketpreisen offenlegen,0,1,0
Lufthansa-Chef fordert offensivere Umwelt-Kommunikation,0,1,0
Lufthansa-Friedenspflicht Flugzeug-Bestellungen und Kritik an Condor-Rettung,0,1,0
Iata fordert Investitionen in Drehkreuze statt Regionalflughäfen,0,1,0
Gecas bestellt zwölf A330 Neo und 20 A321 XLR,0,1,0
Boeing baut Vertrauen in 737 Max langsam wieder auf,0,1,0
Lufthansa und Ufo vereinbaren Friedenspflicht für alle Konzern-Airlines,0,1,0
Roland McKay neuer Chef des Verbandes der Luftfahrtsachverständigen,0,1,0
Airbus verkauft zehn weitere A321 XLR,0,1,0
Kaum Nachtflüge am Frankfurter Flughafen im Oktober,0,1,0
Air Astana hat Vertrauen in Boeing und will 30 737 Max kaufen,0,1,0
Easyjet drosselt Wachstum und will alle Emissionen kompensieren,0,1,0
Nationale Luftraumstrategie soll den Stau am Himmel lösen,0,1,0
Tui-Chef kritisiert staatliche Rettungsaktionen nach Airline-Pleiten,0,1,0
Boeings neuer Ecodemonstrator mit vielen Experimenten in Frankfurt,0,1,0
Easyjet bestellt zwölf weitere A320 Neo,0,1,0
London High Court will Air-Berlin-Schadenersatz gegen Etihad verhandeln,0,1,0
Verbotspläne für Privatjets mischen Business Aviation auf,0,1,0
Boomtown Schönefeld Etihads neuer Billigflieger All-Time-Bestseller A320,0,1,0
Hahn Air testet Blockchain-Ticketing,0,1,0
Air Arabia bestellt 120 Airbus A320,0,1,0
Sunexpress bestellt weitere Boeing 737 Max,0,1,0
Flybair-Finanzierung - Flughafen Bern optimistisch,0,1,0
Etihad setzt auf neuen Billigflieger,0,1,0
Regionalflughäfen werden von Flugsicherungskosten entlastet,0,1,0
Airbus will Flugzeuge im Schwarm fliegen lassen,0,1,0
Emirates bestellt 50 Airbus A350,0,1,0
A320 ist jetzt meistverkauftes Verkehrsflugzeug,0,1,0
Norwegian baut Hamburg mit zwei neuen Routen aus,0,1,0
Air Malta kommt nach Stuttgart,0,1,0
Alitalia verbindet Mailand mit Stuttgart,0,1,0
Swiss streicht Zürich-Leipzig,0,1,0
Lufthansa Technik bereitet sich auf A350-Umbau für Flugbereitschaft vor,0,1,0
BER macht Schönefeld zur Boom-Town,0,1,0
Papier und Kartonfaser sollen in der Luftfracht Holzbohlen ersetzen,0,1,0
Zwei Flugzeuge berühren sich in Frankfurt,0,1,0
Iata-Konferenz zum Wandel im Luftverkehr Wartungs-Ideen und grünerer Himmel,0,1,0
Das neue Miles&More Lufthansa und Ufo wieder Partner 100 Millionen für PTL-Förderung,0,1,0
Certifying Staff Technische Planer und Operations-Spezialisten gesucht,0,1,0
BER und Tesla - Das Rennen ist eröffnet,0,1,0
Europäische Piloten gegen Ryanair und der Strippenzieher Nicoley Baublies,0,1,0
Flughafen Hannover verschiebt Modernisierung von Terminal B,0,1,0
Haushaltsauschuss beschließt 100-Millionen-Förderung für PTL-Kerosin,0,1,0
Emirates will nicht mehr Versuchskaninchen der Triebwerkshersteller sein,0,1,0
Eurowings fliegt zum Jahreswechsel am Wochenende Stuttgart-Sylt,0,1,0
Einfach hübsch anzusehen - nicht mehr und nicht weniger,0,1,0
Bundestag nickt höhere Luftverkehrsteuer ab,0,1,0
Das schwierige Verhältnis von Ex-Ufo-Boss Baublies und der Lufthansa,0,1,0
Europäischer Pilotenverband verlangt Behördenmaßnahmen gegen Ryanair,0,1,0
Fluggastrechteportal Flightright baut Jobs ab,0,1,0
Wizz-Air-Boss gegen Business Class,0,1,0
SAS geht mit Airbus A321LR auf Langstrecke nach Boston,0,1,0
Qantas testet Direktflug London-Sydney mit brandneuer 787,0,1,0
Das sind die Fronten rund um Kötters Düsseldorfer Security-Rückzug,0,1,0
Weiterer A320 für Austrian Emirates Holidays und A380-Ende in Bildern,0,1,0
Airline-Streiks tun der Privatjet-Branche gut,0,1,0
Lufthansa akzeptiert Ufo als Tarifpartner - Langwierige Schlichtung erwartet,0,1,0
Austrian nimmt ersten A320 als Ersatz für Dash-8 in Dienst,0,1,0
A380: Ende einer Industrielegende,0,1,0
Emirates bietet jetzt auch Pauschalreisen ab Deutschland an,0,1,0
Umweltverbände begrüßen Luftverkehrsteuererhöhung als überfällig,0,1,0
FAA ordnet weitere Boeing-737-NG-Inspektionen an,0,1,0
Neues Anflugsystem soll Fluglärm in Frankfurt verringern,0,1,0
Tschechische Regierung plant Milliardeninvestition in Prager Flughafen,0,1,0
Angebots- und Buchungsprozess von Lufthansa Cargo nun komplett digital,0,1,0
Lufthansa verspricht weitgehenden CO2-Ausgleich per Compensaid,0,1,0
Flughafen Wien mit starkem Passagierwachstum 2019,0,1,0
Weeze in Finanznot - Gemeinde will helfen Kreis sich erst beraten,0,1,0
Viel Bewegung in Österreich und zwei neue Condor-Ziele,0,1,0
BER ist wichtig für Tesla Wizz Air wächst und KLM bestellt,0,1,0
Airbus erhält Musterzulassung für BelugaXL,0,1,0
Lauda kündigt 18 neue Ziele ab Wien an,0,1,0
Austrian im kommenden Sommer mit zwei neuen Zielen in Griechenland,0,1,0
Die Drohne die Bürokratie und der Berliner Fernsehturm,0,1,0
Die Iata möchte Fluggepäck auf neuen Wegen befördern,0,1,0
Wisag übernimmt Delta-Bodenabfertigung in Frankfurt,0,1,0
BER war bei Tesla-Entscheidung für neue Fabrik wichtig,0,1,0
Austrian Airlines fliegt ab Frühjahr 2020 von Wien nach Boston,0,1,0
Lufthansa Group mit kleinem Passagierplus im Oktober,0,1,0
Letzte BAe 146 bald weg - German Airways treibt Flottenaustausch voran,0,1,0
KLM macht Auftrag über 21 Embraer-Jets fix,0,1,0
Flughafen Frankfurt mit leichtem Passagierplus im Oktober,0,1,0
Wizz Air macht fast 22 Prozent mehr Umsatz im ersten Halbjahr,0,1,0
Flixbus plant Klage gegen Steuersenkung für die Bahn,0,1,0
Lufthansas Statusmeilenumbau im Detail,0,1,0
DRV und BDL wollen mit Brieflawine Zugeständnisse bei Luftverkehrsteuer erreichen,0,1,0
Ein Supermarkt weniger und eine Tuifly-Maschine mehr,0,1,0
Flughafen Zürich bei Passagieren und Flugbewegungen im Minus,0,1,0
Swissport legt Beschwerde gegen Bodenverkehrsdienst-Vergabe in Wien ein,0,1,0
Vorerst keine weiteren Streiks: Ufo und Lufthansa einigen sich auf Schlichtung,0,1,0
Sunfire ist neues Aireg-Mitglied,0,1,0
Behörde: Flughafen Zürich muss Gebühren drastisch senken,0,1,0
British Airways überprüft Treibstoff-Praxis wegen Klima-Kritik,0,1,0
Tuifly stationiert 2020 eine weitere Maschine in Nürnberg,0,1,0
Kampf um Verkehrslandeplatz Essen-Mühlheim,0,1,0
IGL gründet mit Cabin Union die dritte Kabinengewerkschaft in Deutschland,0,1,0
Zwei neue Ziele im Condor-Sommerflugplan 2020,0,1,0
Alitalia startet Köln/Bonn - Mailand-Linate,0,1,0
Lufthansa und Ufo verlängern Schlichtungsgespräche,0,1,0
Flughafen in Weeze bittet Kreis und Gemeinde um 2 Millionen Euro,0,1,0
Tegut-Supermarkt am Frankfurter Flughafen geschlossen,0,1,0
Das Ende der Buckelantennen - Internet-Technik für Flugzeuge macht Sprung,0,1,0
Boeing verschiebt 737-Max-Wiederzulassung auf Januar,0,1,0
Kein Flughafen-Express für München und Air France A380-Zwiespalt,0,1,0
Wichtige EU-Finanzminister fordern gemeinsame Luftverkehrsteuer,0,1,0
Verdi und Lufthansa in Tarifverhandlungen für saisonale Flugbegleiter,0,1,0
Flugsicherungs-Gewerkschaft kritisiert Lizenz-Pläne des Verkehrsministeriums,0,1,0
München bekommt keine Express-Bahn zum Flughafen,0,1,0
Brussels führt Premium Eco auf Afrika-Flügen mit A330 ein,0,1,0
Lufthansa reformiert Miles & More grundlegend,0,1,0
EU-Kommission setzt Prüfung der Embraer-Übernahme durch Boeing aus,0,1,0
Ufo und Lufthansa vereinbaren längeren Schlichtungs-Versuch,0,1,0
Air-France-Chefin: A380 ist einfach nicht mehr nützlich,0,1,0
Flughafenverband fordert Dialog statt Protest von Umwelt-Aktivisten,0,1,0
American Airlines plant bis März 2020 ohne Boeing 737 Max,0,1,0
Luftverkehrspolitik künstliche Intelligenz und Verkehrszahlen,0,1,0
Der große Ufo-Streik Tuifly streitet mit Piloten IAG kauft Air Europa,0,1,0
Ingenieure Sicherheits-Spezialisten und wissenschaftliche Mitarbeiter gesucht,0,1,0
Das Klimakonzept der Bundesregierung – ein Armutszeugnis der Politik,0,1,0
Luftfahrt hat mit eigenem Erfolg zu kämpfen,0,1,0
Lauda baut Geschäftsführung um,0,1,0
Zürich wird Slots nicht los und am BER geht der Technikchef,0,1,0
Globaler Luftverkehr wächst weiter robust um knapp vier Prozent,0,1,0
BER-Technikchef schmeißt hin,0,1,0
Bis zu 30 Milliarden Dollar Umsatz mit On-Board-Internet bis 2035,0,1,0
Zum Mauerfall-Jubiläum: Tourismusverband fordert Reisefreiheit trotz Klimabedenken,0,1,0
Kötter-Ausstieg in Düsseldorf fix - Airport-Chef warnt vor Chaos-Sommer,0,1,0
So kommt das airliners.de-Logo auf Ihr Smartphone,0,1,0
Technische Probleme der Rolls-Royce-787-Motoren dauern an,0,1,0
Frankfurt rechnet wegen Streikende mit großem Andrang am Samstag,0,1,0
IAG dampft Wachstumspläne ein,0,1,0
Gericht spricht Schweizer Fluglotsen von Vorwürfen frei,0,1,0
Umweltaktivisten planen Blockade eines Berliner Flughafens,0,1,0
Zweiter Streiktag: Ufo will mit neuen Streikdrohungen Druck erhöhen,0,1,0
Flughafen Zürich findet für zwei Langstrecken-Slots keine Airlines,0,1,0
Lot will Leading-Carrier in Zentral- und Osteuropa werden,0,1,0
German Airways plant Ticketverkauf und Carsten Spohr hat Zeit beim Alitalia-Kauf,0,1,0
Medien: German Airways denkt über eigenen Ticketverkauf nach,0,1,0
Lufthansa-Chef Spohr hält Alitalia-Frist für unrealistisch,0,1,0
Emirates macht im ersten Halbjahr weniger Umsatz aber mehr Gewinn,0,1,0
Weltweite Luftfracht weiter in der Krise,0,1,0
Probleme des 787-Triebwerksprogramms belasten Rolls-Royce-Zahlen,0,1,0
Boeing-Chef entschied sich nach Abstürzen gegen Rücktritt,0,1,0
Schlichtungsstelle für Beschwerden von Pauschalreisenden kommt,0,1,0
Ein unmoralisches Angebot,0,1,0
Lufthansas Umbau-Pläne für Austrian Brussels und die Cargo-Sparte,0,1,0
